{"cameraMode":{"drawMode":0,"name":"Shaded","section":"Shading Mode"},"sceneLighting":false,"audioPlay":false,"sceneViewState":{"showFog":true,"showMaterialUpdate":false,"showSkybox":false,"showFlares":true,"showImageEffects":true,"showParticleSystems":true},"in2DMode":false,"pivot":{"x":8.087007522583008,"y":1.254715919494629,"z":12.097414016723633},"rotation":{"x":-0.30601608753204348,"y":0.12494435161352158,"z":-0.04053178057074547,"w":-0.9429444074630737},"size":1.829645037651062,"orthographic":false}