{"cameraMode":{"drawMode":0,"name":"Shaded","section":"Shading Mode"},"sceneLighting":false,"audioPlay":false,"sceneViewState":{"showFog":true,"showMaterialUpdate":false,"showSkybox":false,"showFlares":true,"showImageEffects":true,"showParticleSystems":true},"in2DMode":false,"pivot":{"x":129.75111389160157,"y":0.4301178455352783,"z":142.7729949951172},"rotation":{"x":-0.3776264488697052,"y":-0.01859683357179165,"z":0.007587844040244818,"w":-0.9257568717002869},"size":2.5357940196990969,"orthographic":false}