{"cameraMode":{"drawMode":0,"name":"Shaded","section":"Shading Mode"},"sceneLighting":false,"audioPlay":false,"sceneViewState":{"showFog":true,"showMaterialUpdate":false,"showSkybox":false,"showFlares":true,"showImageEffects":true,"showParticleSystems":true},"in2DMode":false,"pivot":{"x":-2.9802322387695315e-8,"y":-0.46001243591308596,"z":-0.031657397747039798},"rotation":{"x":-0.3678501546382904,"y":0.5223331451416016,"z":-0.26618415117263796,"w":-0.7218170166015625},"size":2.8357882499694826,"orthographic":false}