{"cameraMode":{"drawMode":0,"name":"Shaded","section":"Shading Mode"},"sceneLighting":true,"audioPlay":false,"sceneViewState":{"showFog":true,"showMaterialUpdate":false,"showSkybox":true,"showFlares":true,"showImageEffects":true,"showParticleSystems":true},"in2DMode":false,"pivot":{"x":132.95285034179688,"y":3.3702547550201418,"z":118.42015075683594},"rotation":{"x":0.21769092977046967,"y":-0.3287545442581177,"z":0.0781383141875267,"w":0.9156801104545593},"size":1.056044101715088,"orthographic":false}