{"cameraMode":{"drawMode":0,"name":"Shaded","section":"Shading Mode"},"sceneLighting":false,"audioPlay":false,"sceneViewState":{"showFog":true,"showMaterialUpdate":false,"showSkybox":false,"showFlares":true,"showImageEffects":true,"showParticleSystems":true},"in2DMode":false,"pivot":{"x":-1.4901161193847657e-8,"y":-0.000011519994586706161,"z":0.000014912337064743042},"rotation":{"x":0.30512234568595889,"y":-0.34893614053726199,"z":0.12120459973812103,"w":0.8778170347213745},"size":0.09389613568782807,"orthographic":true}